method,threshold_note,threshold,precision,recall,f1
TF-IDF cosine (words),Cosine ≥ t,0.9389395117759705,1.0,1.0,1.0
SimHash (char-5),Hamming ≤ t,5.0,0.967032967032967,0.9777777777777777,0.9723756906077348
Jaccard exact (char-5 set),Jaccard ≥ t,0.8011204600334167,0.8953488372093024,0.8555555555555555,0.875
MinHash est. (char-5),Est. Jaccard ≥ t,0.8359375,0.8295454545454546,0.8111111111111111,0.8202247191011237
